Alexander,Garcia,AG,13,23/12/2011
Samuel,Brown,SB,28,08/01/1997
Emma,Peterse,EP,70,19/02/1954
Benjamin,Davis,BD,48,15/01/1977
Isabella,Cupido,IC,79,11/01/1946
Amy,Lopez,AL,26,14/07/1998
Abigail,Williams,AW,66,16/06/1958
John,Thomas,JT,36,02/01/1989
Joseph,Cupido,JC,55,14/02/1969
Samuel,Fisher,SF,32,20/07/1992
Alexander,Martinez,AM,42,24/08/1982
Mujahid,Jones,MJ,66,15/10/1958
Curtis,Brown,CB,79,14/05/1945
Sophia,Taylor,ST,61,01/02/1963
Alexander,Lopez,AL,66,14/12/1958
Alonso,Jones,AJ,53,16/08/1971
Curtis,Anderson,CA,79,05/11/1945
Samuel,Johnson,SJ,47,10/05/1977
Samuel,Anderson,SA,10,24/07/2014
Abigail,Garcia,AG,62,23/05/1962
James,Peterse,JP,58,20/06/1966
Benjamin,Fisher,BF,26,27/08/1998
Alonso,Garcia,AG,62,05/10/1962
Curtis,Smith,CS,22,02/12/2002
Alexander,Rodriguez,AR,37,09/03/1987
Samuel,Lopez,SL,45,26/12/1979
Benjamin,Gonzalez,BG,63,21/03/1961
Curtis,Johnson,CJ,71,05/12/1953
Benjamin,Rodriguez,BR,33,28/01/1992
Samuel,Thomas,ST,47,27/07/1977
Emma,Lopez,EL,9,14/12/2015
John,Cupido,JC,76,17/04/1948
William,Jones,WJ,59,09/09/1965
William,Smith,WS,40,26/10/1984
Isabella,Williams,IW,63,07/03/1961
Mujahid,Fisher,MF,65,25/12/1959
Sophia,Miller,SM,29,17/03/1995
James,Cupido,JC,77,06/05/1947
Amy,Wilson,AW,47,08/09/1977
Isabella,Davis,ID,78,21/12/1946
James,Rodriguez,JR,54,05/06/1970
Sophia,Cupido,SC,56,20/12/1968
Mujahid,Lopez,ML,67,19/05/1957
Michael,Anderson,MA,17,08/06/2007
Olivia,Cupido,OC,37,10/11/1987
Daniel,Garcia,DG,25,25/10/1999
Isabella,Rodriguez,IR,79,14/04/1945
Mujahid,Wilson,MW,48,05/09/1976
Sophia,Garcia,SG,19,07/06/2005
Joseph,Garcia,JG,14,23/03/2010
Curtis,Martinez,CM,5,25/07/2019
Samuel,Jones,SJ,40,15/03/1984
Michael,Brown,MB,30,07/05/1994
Mujahid,Thomas,MT,9,23/09/2015
Mujahid,Hernandez,MH,72,25/03/1952
Amy,Smith,AS,78,02/02/1946
Michael,Thomas,MT,64,03/05/1960
Olivia,Anderson,OA,5,10/03/2019
Mujahid,Johnson,MJ,11,14/12/2013
Joseph,Williams,JW,28,04/01/1997
Benjamin,Lopez,BL,10,22/11/2014
Samuel,Davis,SD,63,23/08/1961
Emma,Brown,EB,74,26/06/1950
Joseph,Fisher,JF,76,05/08/1948
Alonso,Gonzalez,AG,28,13/04/1996
Benjamin,Williams,BW,56,21/08/1968
Samuel,Taylor,ST,70,20/02/1954
Daniel,Fisher,DF,41,15/10/1983
Alexander,Taylor,AT,72,03/02/1952
Mia,Smith,MS,12,25/02/2012
Curtis,Gonzalez,CG,69,19/12/1955
Samuel,Hernandez,SH,34,26/02/1990
Mia,Garcia,MG,73,27/10/1951
Curtis,Fisher,CF,70,03/05/1954
Isabella,Wilson,IW,34,06/02/1990
Curtis,Peterse,CP,47,07/12/1977
Alexander,Cupido,AC,51,15/01/1974
Amy,Cupido,AC,31,23/11/1993
Isabella,Jones,IJ,51,19/07/1973
Sophia,Johnson,SJ,38,22/01/1987
Daniel,Wilson,DW,70,16/06/1954
Abigail,Smith,AS,24,03/05/2000
Abigail,Anderson,AA,17,20/02/2007
Amy,Gonzalez,AG,22,25/04/2002
Michael,Miller,MM,62,26/03/1962
Emma,Thomas,ET,59,17/05/1965
Abigail,Peterse,AP,32,16/06/1992
Joseph,Brown,JB,79,14/10/1945
Olivia,Johnson,OJ,40,25/07/1984
James,Smith,JS,75,19/02/1949
Abigail,Taylor,AT,25,28/07/1999
Harper,Jones,HJ,37,25/08/1987
William,Gonzalez,WG,36,28/06/1988
Olivia,Fisher,OF,7,14/10/2017
Joseph,Rodriguez,JR,15,23/03/2009
Mujahid,Martinez,MM,51,04/11/1973
William,Martinez,WM,73,16/06/1951
Mia,Taylor,MT,15,14/11/2009
Emma,Cupido,EC,69,05/03/1955
Alexander,Gonzalez,AG,57,23/10/1967
Harper,Martinez,HM,21,09/07/2003
Alonso,Lopez,AL,35,10/09/1989
Alonso,Miller,AM,40,15/08/1984
Joseph,Anderson,JA,12,20/06/2012
Mia,Davis,MD,28,27/10/1996
Curtis,Cupido,CC,75,28/01/1950
Harper,Rodriguez,HR,43,27/11/1981
Daniel,Peterse,DP,71,23/01/1954
Alexander,Johnson,AJ,22,17/03/2002
Alonso,Wilson,AW,39,18/01/1986
Alonso,Rodriguez,AR,61,22/11/1963
James,Fisher,JF,11,10/09/2013
John,Lopez,JL,55,19/10/1969
Amy,Jones,AJ,72,22/12/1952
Alonso,Martinez,AM,44,11/04/1980
Michael,Davis,MD,60,25/11/1964
Joseph,Taylor,JT,36,27/11/1988
John,Williams,JW,69,15/04/1955
Amy,Davis,AD,55,26/07/1969
Michael,Rodriguez,MR,23,27/07/2001
Alexander,Brown,AB,25,23/08/1999
Curtis,Hernandez,CH,52,26/09/1972
John,Peterse,JP,36,12/04/1988
Samuel,Cupido,SC,74,09/02/1950
William,Taylor,WT,42,14/05/1982
Benjamin,Wilson,BW,71,02/06/1953
Sophia,Brown,SB,72,17/07/1952
Mia,Hernandez,MH,73,28/05/1951
John,Fisher,JF,7,12/03/2017
Isabella,Garcia,IG,30,11/08/1994
Amy,Brown,AB,35,25/01/1990
Mujahid,Gonzalez,MG,59,19/01/1966
Harper,Fisher,HF,22,11/11/2002
William,Anderson,WA,71,17/05/1953
Harper,Taylor,HT,65,17/09/1959
James,Martinez,JM,9,06/02/2015
Sophia,Smith,SS,70,27/06/1954
William,Brown,WB,19,02/01/2006
Amy,Peterse,AP,59,27/01/1966
Sophia,Jones,SJ,78,07/05/1946
Sophia,Hernandez,SH,36,13/11/1988
Michael,Cupido,MC,28,05/09/1996
John,Taylor,JT,38,14/08/1986
Joseph,Jones,JJ,43,12/06/1981
Olivia,Gonzalez,OG,80,25/05/1944
Abigail,Lopez,AL,40,02/03/1984
Mia,Williams,MW,18,21/01/2007
Emma,Martinez,EM,75,20/03/1949
Alonso,Williams,AW,61,16/02/1963
Mujahid,Williams,MW,14,06/06/2010
Sophia,Martinez,SM,64,05/03/1960
James,Hernandez,JH,57,07/12/1967
Amy,Williams,AW,24,23/07/2000
Abigail,Jones,AJ,45,17/05/1979
Michael,Johnson,MJ,35,25/12/1989
John,Wilson,JW,77,26/02/1947
Alexander,Thomas,AT,13,10/04/2011
Michael,Hernandez,MH,72,27/01/1953
Michael,Garcia,MG,8,08/06/2016
Abigail,Fisher,AF,11,25/11/2013
Abigail,Rodriguez,AR,54,05/12/1970
Benjamin,Cupido,BC,8,21/01/2017
Olivia,Davis,OD,6,06/08/2018
Michael,Jones,MJ,45,24/12/1979
Abigail,Johnson,AJ,71,24/05/1953
Abigail,Gonzalez,AG,7,26/07/2017
Daniel,Cupido,DC,39,03/03/1985
Emma,Davis,ED,16,21/03/2008
Sophia,Anderson,SA,17,24/12/2007
Alonso,Cupido,AC,33,02/11/1991
Mia,Wilson,MW,34,15/08/1990
James,Gonzalez,JG,7,10/12/2017
Daniel,Gonzalez,DG,41,21/12/1983
William,Johnson,WJ,26,12/03/1998
John,Anderson,JA,48,22/09/1976
Mia,Miller,MM,6,04/07/2018
Harper,Peterse,HP,10,14/09/2014
Amy,Taylor,AT,17,04/10/2007
Isabella,Martinez,IM,52,26/07/1972
Joseph,Martinez,JM,70,23/10/1954
Samuel,Williams,SW,55,09/09/1969
Amy,Hernandez,AH,16,04/12/2008
Alonso,Anderson,AA,67,19/08/1957
Alexander,Miller,AM,13,17/12/2011
James,Miller,JM,63,23/04/1961
Joseph,Thomas,JT,14,08/06/2010
Isabella,Lopez,IL,7,07/08/2017
Sophia,Lopez,SL,45,11/03/1979
Amy,Thomas,AT,9,23/08/2015
William,Peterse,WP,24,11/03/2000
Sophia,Fisher,SF,19,22/07/2005
Joseph,Lopez,JL,63,12/02/1961
Alexander,Anderson,AA,38,21/04/1986
Olivia,Garcia,OG,22,06/04/2002
James,Lopez,JL,48,24/07/1976
Benjamin,Peterse,BP,56,18/01/1969
Benjamin,Martinez,BM,76,25/09/1948
Harper,Garcia,HG,43,27/12/1981
John,Hernandez,JH,62,11/12/1962
Alexander,Davis,AD,73,20/07/1951
Abigail,Cupido,AC,15,15/03/2009
Olivia,Lopez,OL,69,25/01/1956
Michael,Williams,MW,35,21/04/1989
Olivia,Jones,OJ,10,01/12/2014
Joseph,Davis,JD,32,05/04/1992
William,Cupido,WC,68,28/07/1956
Harper,Anderson,HA,54,15/08/1970
Mia,Jones,MJ,74,26/09/1950
Samuel,Wilson,SW,47,07/10/1977
Emma,Miller,EM,30,11/09/1994
Daniel,Taylor,DT,24,27/09/2000
Daniel,Smith,DS,13,08/02/2011
John,Jones,JJ,6,03/12/2018
James,Anderson,JA,40,21/07/1984
Benjamin,Thomas,BT,14,21/05/2010
James,Taylor,JT,11,08/09/2013
Emma,Wilson,EW,60,27/05/1964
Samuel,Miller,SM,72,11/01/1953
Mia,Gonzalez,MG,29,11/11/1995
Daniel,Rodriguez,DR,11,13/07/2013
Mia,Peterse,MP,12,25/09/2012
Emma,Anderson,EA,42,25/02/1982
Benjamin,Miller,BM,39,24/04/1985
Curtis,Davis,CD,27,09/09/1997
Michael,Martinez,MM,12,24/07/2012
Olivia,Thomas,OT,64,20/01/1961
Emma,Fisher,EF,10,06/08/2014
William,Williams,WW,73,26/11/1951
Samuel,Gonzalez,SG,62,19/12/1962
Joseph,Miller,JM,22,20/04/2002
Mujahid,Davis,MD,38,11/02/1986
Isabella,Hernandez,IH,48,16/07/1976
Abigail,Hernandez,AH,41,21/12/1983
Harper,Gonzalez,HG,61,10/03/1963
Harper,Miller,HM,78,21/09/1946
Alonso,Davis,AD,17,19/06/2007
Alonso,Johnson,AJ,56,16/01/1969
Curtis,Miller,CM,8,25/06/2016
Olivia,Peterse,OP,44,28/06/1980
Samuel,Garcia,SG,74,22/06/1950
Daniel,Davis,DD,23,28/10/2001
Michael,Gonzalez,MG,68,17/12/1956
Michael,Smith,MS,78,25/06/1946
Curtis,Williams,CW,63,06/05/1961
John,Johnson,JJ,38,09/11/1986
Mujahid,Anderson,MA,53,23/09/1971
Abigail,Davis,AD,14,28/05/2010
Benjamin,Hernandez,BH,34,03/05/1990
Emma,Williams,EW,74,10/10/1950
Michael,Taylor,MT,55,06/07/1969
Isabella,Smith,IS,9,10/10/2015
Alonso,Peterse,AP,17,15/06/2007
John,Miller,JM,11,06/03/2013
James,Jones,JJ,29,07/03/1995
Abigail,Miller,AM,5,03/02/2019
Michael,Fisher,MF,75,22/04/1949
Amy,Rodriguez,AR,23,17/08/2001
Curtis,Wilson,CW,80,13/05/1944
Mia,Johnson,MJ,5,26/02/2019
Olivia,Smith,OS,7,06/07/2017
Curtis,Garcia,CG,11,21/08/2013
Joseph,Smith,JS,67,28/01/1958
Olivia,Williams,OW,39,08/05/1985
Isabella,Johnson,IJ,15,18/05/2009
Sophia,Davis,SD,26,20/03/1998
Emma,Gonzalez,EG,57,20/01/1968
Michael,Lopez,ML,67,19/11/1957
John,Gonzalez,JG,77,25/03/1947
Samuel,Rodriguez,SR,8,02/10/2016
Alexander,Smith,AS,55,05/11/1969
Mujahid,Peterse,MP,49,05/01/1976
Joseph,Gonzalez,JG,51,05/08/1973
James,Davis,JD,77,10/04/1947
Benjamin,Brown,BB,76,03/11/1948
Mia,Anderson,MA,47,25/08/1977
Curtis,Taylor,CT,67,26/11/1957
Abigail,Thomas,AT,10,25/10/2014
Alonso,Thomas,AT,52,10/10/1972
Mujahid,Smith,MS,52,21/08/1972
William,Garcia,WG,60,22/05/1964
Mujahid,Garcia,MG,8,05/04/2016
Harper,Brown,HB,75,02/04/1949
Benjamin,Johnson,BJ,62,26/04/1962
James,Williams,JW,5,17/11/2019
Sophia,Gonzalez,SG,9,25/02/2015
Benjamin,Garcia,BG,71,04/02/1953
Daniel,Hernandez,DH,7,26/04/2017
Harper,Lopez,HL,61,05/06/1963
Alexander,Williams,AW,70,03/01/1955
Alexander,Jones,AJ,76,16/01/1949
Curtis,Jones,CJ,58,09/06/1966
John,Rodriguez,JR,71,03/01/1954
Olivia,Wilson,OW,75,21/05/1949
Isabella,Gonzalez,IG,66,08/10/1958
Isabella,Brown,IB,36,12/06/1988
William,Wilson,WW,38,01/01/1987
Samuel,Martinez,SM,18,01/09/2006
William,Fisher,WF,23,06/03/2001
Daniel,Anderson,DA,67,25/03/1957
Olivia,Hernandez,OH,8,02/12/2016
Emma,Jones,EJ,17,03/02/2007
Isabella,Anderson,IA,29,16/11/1995
Alonso,Brown,AB,56,15/10/1968
Amy,Johnson,AJ,37,13/04/1987
Daniel,Williams,DW,66,10/11/1958
Mujahid,Cupido,MC,25,12/07/1999
Alonso,Hernandez,AH,15,21/09/2009
Samuel,Smith,SS,18,01/12/2006
Olivia,Miller,OM,68,15/09/1956
Mujahid,Miller,MM,69,17/11/1955
Joseph,Peterse,JP,67,06/11/1957
Michael,Peterse,MP,43,04/03/1981
Harper,Williams,HW,12,10/06/2012
Curtis,Lopez,CL,28,14/07/1996
Harper,Hernandez,HH,57,26/02/1967
Alonso,Taylor,AT,71,10/02/1953
John,Garcia,JG,73,09/02/1951
Alexander,Peterse,AP,62,06/08/1962
Mia,Cupido,MC,51,17/03/1973
Harper,Thomas,HT,67,20/07/1957
James,Wilson,JW,71,09/04/1953
Emma,Hernandez,EH,12,09/04/2012
Benjamin,Smith,BS,66,17/09/1958
Daniel,Brown,DB,67,11/03/1957
Curtis,Thomas,CT,49,20/08/1975
Mia,Thomas,MT,59,28/04/1965
Sophia,Thomas,ST,37,08/04/1987
Sophia,Williams,SW,48,04/09/1976
Daniel,Lopez,DL,68,21/06/1956
John,Martinez,JM,54,01/03/1970
Mujahid,Rodriguez,MR,12,23/01/2013
Olivia,Rodriguez,OR,62,03/01/1963
Amy,Anderson,AA,44,15/08/1980
Benjamin,Jones,BJ,19,25/12/2005
Amy,Fisher,AF,22,06/01/2003
Daniel,Martinez,DM,70,11/12/1954
Daniel,Thomas,DT,29,18/05/1995
Olivia,Martinez,OM,10,01/07/2014
John,Smith,JS,29,14/02/1995
Joseph,Wilson,JW,8,17/08/2016
Curtis,Rodriguez,CR,15,25/12/2009
William,Miller,WM,31,09/05/1993
Abigail,Brown,AB,76,25/04/1948
James,Garcia,JG,21,02/02/2003
Emma,Smith,ES,74,14/01/1951
Daniel,Johnson,DJ,78,11/12/1946
William,Lopez,WL,73,13/10/1951
Amy,Garcia,AG,13,05/07/2011
William,Davis,WD,27,19/03/1997
James,Thomas,JT,30,05/06/1994
James,Brown,JB,53,16/02/1971
Emma,Rodriguez,ER,62,10/04/1962
Michael,Wilson,MW,15,06/12/2009
Harper,Cupido,HC,54,21/03/1970
Abigail,Wilson,AW,24,14/12/2000
Harper,Smith,HS,35,22/09/1989
Isabella,Fisher,IF,26,28/11/1998
Joseph,Johnson,JJ,57,22/06/1967
Amy,Miller,AM,73,02/10/1951
Emma,Garcia,EG,40,09/12/1984
Alexander,Wilson,AW,21,02/12/2003
Daniel,Jones,DJ,28,06/06/1996
William,Hernandez,WH,23,24/01/2002
William,Thomas,WT,37,28/11/1987
Isabella,Taylor,IT,6,05/08/2018
William,Rodriguez,WR,6,15/05/2018
Sophia,Rodriguez,SR,74,23/03/1950
Mia,Fisher,MF,43,28/08/1981
Harper,Davis,HD,74,28/06/1950
Harper,Wilson,HW,65,16/07/1959
Sophia,Peterse,SP,69,27/11/1955
Mujahid,Taylor,MT,54,08/09/1970
Alonso,Smith,AS,47,04/05/1977
Harper,Johnson,HJ,35,20/05/1989
John,Davis,JD,55,14/11/1969
Mia,Brown,MB,42,09/04/1982
Alexander,Fisher,AF,34,18/03/1990
Alonso,Fisher,AF,76,24/01/1949
Mia,Martinez,MM,73,05/09/1951
Benjamin,Taylor,BT,66,19/05/1958
Alexander,Hernandez,AH,37,23/08/1987
Emma,Johnson,EJ,9,04/06/2015
John,Brown,JB,50,28/10/1974
Isabella,Peterse,IP,66,13/09/1958
Daniel,Miller,DM,50,26/08/1974
Isabella,Thomas,IT,51,12/09/1973
Olivia,Brown,OB,7,11/03/2017
Emma,Taylor,ET,43,02/01/1982
Mujahid,Brown,MB,54,14/01/1971
Joseph,Hernandez,JH,48,17/08/1976
Olivia,Taylor,OT,36,28/11/1988
Abigail,Martinez,AM,69,27/10/1955
Isabella,Miller,IM,64,04/06/1960
Mia,Rodriguez,MR,47,10/11/1977
James,Johnson,JJ,33,18/08/1991
Amy,Martinez,AM,59,07/05/1965
Mia,Lopez,ML,74,08/10/1950
Benjamin,Anderson,BA,53,26/06/1971
Sophia,Wilson,SW,71,06/12/1953
Samuel,Peterse,SP,28,27/03/1996